<?xml version="1.0" encoding="UTF-8"?>
<project-private xmlns="http://www.netbeans.org/ns/project-private/1">
    <editor-bookmarks xmlns="http://www.netbeans.org/ns/editor-bookmarks/2" lastBookmarkId="2">
        <file>
            <url>src/finaldsaloyd/RecieptDsa.java</url>
            <bookmark id="1">
                <name/>
                <line>32</line>
                <key/>
            </bookmark>
        </file>
        <file>
            <url>src/finaldsaloyd/Customer.java</url>
            <bookmark id="2">
                <name/>
                <line>13</line>
                <key/>
            </bookmark>
        </file>
    </editor-bookmarks>
    <open-files xmlns="http://www.netbeans.org/ns/projectui-open-files/2">
        <group>
            <file>file:/C:/Users/User's/OneDrive/Documents/NetBeansProjects/MilkTeaShop/src/finaldsaloyd/Receipt.java</file>
            <file>file:/C:/Users/User's/OneDrive/Documents/NetBeansProjects/MilkTeaShop/src/finaldsaloyd/MainMenu.java</file>
            <file>file:/C:/Users/User's/OneDrive/Documents/NetBeansProjects/MilkTeaShop/src/finaldsaloyd/OrderServeFrame.java</file>
            <file>file:/C:/Users/User's/OneDrive/Documents/NetBeansProjects/MilkTeaShop/src/finaldsaloyd/Que.java</file>
            <file>file:/C:/Users/User's/OneDrive/Documents/NetBeansProjects/MilkTeaShop/src/finaldsaloyd/Printresip.java</file>
        </group>
    </open-files>
</project-private>
